apricot jam,g
apricot puree,g
apricot juice,glass
apricots,g
canned apricots,g
avocado,to taste
agave syrup,g
agar-agar,g
agram,g
adjika,g
green adjika,g
quince,to taste
quince puree,g
ayran,g
icing,g
shark steaks,g
alcohol,glass
strong alcohol,tbsp
cherry plum,g
al-bukhara,piece
almaghe,g
amaranth flour,g
pineapple syrup,g
pineapple juice,g
pineapples,g
dried pineapples,g
canned pineapples,to taste
anise,to taste
anise stars,g
anise liqueur,ml
anise seeds,g
anchovies,g
orange water,g
orange zest,g
orange essence,tsp
orange jam,g
candied orange peel,g
orange jam,g
orange jam with ginger,g
orange liqueur,g
orange syrup,glass
orange juice,to taste
freshly squeezed orange juice,g
orange vinegar,tbsp
orange extract,tsp
oranges,g
blood oranges,piece
large oranges,piece
peanuts,g
roasted peanuts,g
peanut butter,g
peanut oil,g
salted peanuts,g
watermelon pulp,g
watermelons,g
argan oil,g
arista,g
flavoring,g
"flavoring ""pineapple""",to taste
"flavoring ""cherry""",drop
"flavoring ""raspberry""",drop
"flavoring ""rum""",g
artichokes,g
artichokes in oil,g
pickled artichokes,g
aspirin,piece
meat assortment,g
vegetable assortment,g
fruit assortment,g
berry assortment,g
ashee,g
baguette,g
yesterday's baguette,g
mini baguette,g
badan,star
star anise,pinch
lemon basil,g
fresh basil,g
dried basil,g
Thai basil,handful
purple basil,g
eggplants,to taste
mini eggplants,g
Thai eggplants,g
balyk,g
balm,g
balsamic cream,glass
balsamic sauce,tbsp
balsamic vinegar,glass
Riga Black Balsam,tbsp
okra,g
banana puree,g
banana chips,handful
green banana syrup,ml
banana liqueur,ml
bananas,g
mini bananas,g
mullet,g
lamb offal,g
bone-in lamb leg,piece
minced lamb,g
lamb,g
bagels,g
lamb entrecôtes,kg
lamb shanks,piece
lamb giblets,kg
lamb ribs,piece
lamb shoulder,kg
lamb leg,g
lamb liver,g
barberry,g
dried barberry,tbsp
ground barberry,g
basturma,g
sweet potato,g
loaf,g
chocolate bars,g
meringue,g
bacon,to taste
boiled-smoked bacon,g
dry-cured bacon,g
whitefish,g
birnel,ml
ready-made Bisquick mix,packet
sponge cake,g
sponge cake crumbs,g
sponge cake layer,g
sponge roll,g
chocolate sponge cake,g
beef steak,piece
pancake flour,g
ready-made pancakes,g
oat pancakes,piece
legume sprouts,g
beans,g
sprouted mung beans,g
tonka beans,piece
bottarga,g
bresaola,g
brandy,g
frozen broccoli,g
fresh broccoli,g
frozen lingonberries,g
fresh lingonberries,g
dried lingonberries,g
lingonberry jam,g
lingonberry sauce,g
bryndza cheese,to taste
Serbian bryndza,g
rutabaga,g
pork roast,g
elderberry syrup,tbsp
bouquet garni,bunch
bulgur,g
roll,piece
white roll,g
sweet roll,g
buns,g
stale white buns,g
brioche buns,piece
yesterday's buns,piece
hamburger buns,piece
grain buns,piece
rye buns,piece
buns with sesame,piece
broth,g
bouillon cubes,g
bourbon,g
Burrata,g
beetroot,g
confectionery beads,tsp
silver confectionery beads,to taste
oxtail,g
vanillin,g
vanilla in pods,g
vanilla tincture,tbsp
vanilla essence,g
vanilla powder,g
vanilla syrup,g
vanilla extract,to taste
jam,g
wasabi,g
wafer crumbs,g
wafer layers,g
wafer rolls,g
wafers,g
chocolate wafers,g
vermicelli,g
egg vermicelli,g
vermouth,g
white vermouth,g
dry vermouth,g
ham,g
boiled ham,g
boiled-smoked ham,piece
smoked ham,g
Parma ham,g
dry-cured ham,g
oyster mushrooms,g
vinaigrette,g
cream of tartar,pinch
wine vinegar,g
white wine vinegar,g
red wine vinegar,tsp
garlic-infused wine vinegar,tsp
tarragon-infused wine vinegar,tbsp
white wine,to taste
semi-sweet white wine,g
semi-dry white wine,g
sweet white wine,g
table white wine,glass
dry white wine,g
grapes,g
seedless grapes,g
white grapes,g
Isabella grapes,kg
grape jelly,tbsp
grape leaves,g
pickled grape leaves,g
young grape leaves,piece
grape juice,g
clarified grape juice,tsp
blue grapes,g
black grapes,g
dessert wine,g
dry sparkling wine,g
red wine,g
semi-sweet red wine,g
semi-dry red wine,g
sweet red wine,g
dry red wine,g
fortified wine,g
semi-sweet rosé wine,tbsp
semi-dry rosé wine,g
whiskey,g
vitamin C powder,g
cherry tincture,ml
cherry jam,g
cherry leaves,g
cherry preserve,g
cherry liqueur,to taste
cherry syrup,glass
cherry juice,g
cherries,g
dried cherries,g
frozen cherries,g
candied cherries,piece
cocktail cherries,g
maraschino cherries,piece
cherries mashed with sugar,g
water,g
still mineral water,glass
sparkling mineral water,g
vodka,g
anise vodka,tsp
seaweed,g
Worcestershire sauce,g
galangal root,slice
galettes,g
hamburger,g
ganache,g
garam masala,g
side dish,g
gazpacho,g
cloves,g
ground cloves,to taste
geranium leaves,g
rolled oats,g
glaze,g
white glaze,g
ready-made glaze,to taste
black glaze,to taste
white chocolate glaze,g
monosodium glutamate,g
glucose,g
glucose syrup,g
beef,g
bone-in beef,g
ground beef,to taste
beef tongue,g
beef heart,to taste
beef steaks,g
beef shanks,g
beef lungs,g
beef ribs,g
ribeye beef steaks,g
beef tenderloin,piece
beef brisket,kg
beef shoulder,g
beef marrow bone,piece
beef flesh,kg
beef liver,piece
beef casing,g
beef neck,kg
goji berries,g
char fish fillet,piece
blueberries,g
frozen blueberries,g
pigeon,g
pink salmon,to taste
pink salmon in its own juice,can
pink salmon fillet,g
gorgonzola,g
gorgonzola piccante,g
peas,g
split peas,g
pea sprouts,handful
pea soup,g
green peas,g
frozen green peas,g
canned green peas,g
fresh snap peas,g
mustard,g
Dijon mustard,g
Dijon mustard with honey,g
yellow mustard seeds,g
spicy mustard,g
Russian mustard,tbsp
mustard seeds,g
mustard with grains,g
dry mustard,g
French mustard,g
citrus mustard,g
mustard oil,g
mustard powder,g
Grana Padano,tbsp
pomegranate seeds,g
pomegranate paste,tbsp
pomegranate syrup,g
pomegranate juice,g
freshly squeezed pomegranate juice,ml
pomegranate sauce,tsp
pomegranates,g
granita,g
granola with nuts,g
grappa,tsp
gratin,kg
grapefruit zest,g
grapefruit juice,g
grapefruits,g
pink grapefruits,g
grenadine,g
croutons,g
walnuts,g
chopped walnuts,g
buckwheat groats,g
green buckwheat groats,tbsp
buckwheat soba noodles,g
buckwheat flour,g
buckwheat milk,glass
buckwheat flakes,g
mushrooms,g
porcini mushrooms,g
frozen porcini mushrooms,g
pickled porcini mushrooms,g
dried porcini mushrooms,g
frozen mushrooms,g
frozen mushrooms (honey mushrooms and boletus),g
wild mushrooms,g
pickled mushrooms,g
fresh mushrooms,g
salted mushrooms,g
canned straw mushrooms,piece
dried mushrooms,g
shiitake mushrooms,g
dried shiitake mushrooms,g
grill,g
grissini,g
brisket,g
boiled-smoked brisket,g
smoked brisket,to taste
pear puree,g
pear liqueur,ml
pear syrup,ml
pear juice,g
pear vinegar,tbsp
pears,to taste
dried pears,g
Gruyere,g
guava,piece
guanciale,g
Guryev porridge,g
smoked goose breast,g
goose liver,g
goose fat,tbsp
goose,g
whole goose,kg
daikon,g  
baby food,g  
jam,g  
gin,g  
garlic chives,g  
titanium dioxide,g  
dolma,g  
dorada,piece  
gutted dorada with head,piece  
dorada with head,piece  
dorada carcass,piece  
dragees,g  
homemade yeast,g  
fresh yeast,g  
dry yeast,to taste  
oak bark,g  
oregano,g  
melon,g  
blackberries,g  
frozen blackberries,g  
ruffe,g  
zander perch,piece  
gelatin,g  
sheet gelatin,to taste  
jelly,g  
cake jelly,package  
gelling agent,package  
gelling sugar,g  
ginseng,g  
liquid smoke,g  
honeysuckle,g  
fat,g  
rendered fat,glass  
cooking fat,g  
vegetable fat,g  
zaatar,pinch  
dry breakfast cereal,g  
dry breakfast cereal pillows,g  
cream thickener,g  
hare meat,g  
sourdough,package  
eternal sourdough,g  
sugar substitute,to taste  
stevia sugar substitute,g  
ready-made salad dressing,g  
St. John’s wort,to taste  
greens,g  
chopped greens,g  
wild strawberries,to taste  
frozen wild strawberries,g  
marshmallow,g  
cumin,g  
cereal flakes,g  
wolf fish,g  
wolf fish fillet,g  
soy protein isolate,g  
raisins,g  
seedless raisins,g  
white raisins,g  
black raisins,g  
caviar,g  
dried fish roe,g  
granular pink salmon caviar,g  
red caviar,g  
small red fish caviar,g  
flying fish roe,g  
salmon caviar,g  
capelin roe,g  
halibut roe,g  
zander roe,g  
black caviar,g  
ginger jam,g  
gingerbread,to taste  
candied ginger,tbsp  
ginger,g  
candied ginger,g  
ginger root,g  
pickled ginger,g  
ground ginger,g  
turkey,g  
turkey drumstick,g  
turkey breast,g  
smoked turkey,g  
whole turkey,piece  
ground turkey,g  
turkey fillet,g  
muscovy duck,piece  
turkey liver,g  
figs,g  
fresh figs,g  
dried figs,g  
serviceberry,g  
toffees,g  
Italian herbs,g  
йогурт,г
йогурт греческий,г
йогурт жирный,г
йогурт козий,г
йогурт натуральный,г
йогурт нежирный,г
йогурт обезжиренный,г
йогурт фруктовый,г
кабачки,г
кабачки замороженные,г
кабачки молодые,г
каджунская смесь специй,ст. л.
какао,горсть
какао-бобы,г
какао-масло,г
какао-порошок,по вкусу
какао-порошок обезжиренный,г
какао сгущенное,банка
калина,по вкусу
калина протертая,г
калинджи семена,ч. л.
кальвадос,г
кальмары,г
кальмары вареные,г
кальмары замороженные,г
кальмары консервированные,г
кальмары филе,шт.
камамбер,упаковка
камбала,г
камбала филе,г
кампари,мл
кандурин золотой,ч. л.
каннеллони,г
капеллини,г
каперсы,г
каперсы в винном уксусе,г
каперсы маринованные,г
капуста белокочанная,г
капуста брюссельская,г
капуста брюссельская замороженная,г
капуста кале,г
капуста квашеная,по вкусу
капуста кольраби,г
капуста краснокочанная,г
капуста морская,по вкусу
капуста морская замороженная,г
капуста морская сушеная,г
капуста пекинская,г
капуста савойская,г
капуста цветная,г
капуста цветная замороженная,г
капустный рассол,г
капучино,г
каракатица,г
каракатица очищенная,г
карамбола,г
карамель,мл
карамельный соус,г
карамель с начинкой,г
карамель соленая,г
карась,г
карбонад,г
кардамон,г
кардамон зерна,ч. л.
кардамон молотый,г
кардамон стручки,шт.
каркаде,г
карп,г
карп зеркальный,кг
карп филе,кг
карри,г
карри листья,г
карри паста,пакет
картофель,г
картофель вареный,г
картофель вареный в мундире,г
картофель молодой,г
картофельное пюре,по вкусу
картофельные ньокки,г
картофельные хлопья,г
картофельные чипсы,г
картофельный крахмал,г
картофельный отвар,г
картофельный хэш замороженный,г
картофель печеный,г
катык,г
каффир-лайм листья,по вкусу
каша,г
каша для детского питания,г
каштановая мука,г
каштановый крем,г
каштаны,г
каштаны вареные,г
каштаны консервированные,г
каштаны очищенные,г
квас,г
квасное сусло,г
квасной концентрат сухой,упаковка
квас хлебный,г
кедровая мука,г
кедровые орехи,г
кедровые орехи жареные,г
кета,г
кетчуп острый,по вкусу
кетчуп томатный,г
кетчуп тосканский,ст. л.
кетчуп шашлычный,г
кефаль,г
кефир,по вкусу
кефир 1%,г
"кефир 2,5%",г
"кефир 3,2%",г
кефир обезжиренный,г
кешью,г
кивано,г
киви,кг
киви желе,г
кижуч,г
кижуч горячего копчения филе,г
кизил,г
килька,г
кимчи,г
кинза свежая,зубчик
кинза сушеная,г
киноа,г
киноа молотая,г
кипяток,г
кирш,ст. л.
кисель,г
кисель сухой,г
кисломолочный напиток Тан,мл
кишки,г
клейковина,г
клементины,г
кленовый сироп,г
клубника,г
клубника в сиропе,г
клубника замороженная,г
"клубника, протертая с сахаром",г
клубника сушеная,г
клубничное варенье,г
клубничное желе,упаковка
клубничное пюре,г
клубничный джем,г
клубничный джем густой,мл
клубничный компот,стакан
клубничный ликер,г
клубничный сироп,г
клюква,г
клюква вяленая,г
клюква замороженная,г
"клюква, протертая с сахаром",г
клюквенное варенье,г
клюквенный джем,г
клюквенный морс,ст. л.
клюквенный сироп,г
клюквенный соус,г
козлиная печень,г
козлятина молодая,кг
кока-кола,ст. л.
кокосовая вода,стакан
кокосовая мука,ст. л.
кокосовая стружка,г
кокосовая стружка цветная,г
кокосовое масло,мл
кокосовое молоко,г
кокосовые сливки,г
кокосовый ликер,ст. л.
кокосовый экстракт,г
кокосы,г
кола,г
колбаса,г
колбаса вареная,г
колбаса варено-копченая,г
колбаса копченая,г
колбаса кровяная,г
колбаса полукопченая,г
колбаса сырокопченая,г
колбаска свиная свежая (salsiccia),шт.
колбаски,г
колбаски для жарки,г
колбаски домашние,шт.
колбаски охотничьи,г
колбаски сырокопченые,шт.
компот,г
конопляное масло,ст. л.
конопля семена,г
конфеты,по вкусу
конфеты M&M’s,г
конфеты жевательные лакричные,г
конфеты Коровка,г
конфеты Трюфель,г
конфитюр,по вкусу
конфитюрка,упаковка
коньяк,г
копчености,г
коренья,по вкусу
кориандр,г
кориандр зелень,г
кориандр молотый,г
кориандр семена,г
коринка,ст. л.
корица,г
корица молотая,г
корнишоны,г
корнишоны маринованые,г
корюшка,г
корюшка горячего копчения,г
кости,г
кости мозговые,г
кость сахарная,г
кофе в зернах,стакан
кофе зеленый,г
кофейные зерна в шоколаде,г
кофейный ликер,г
кофейный ликер Kahlua,мл
кофейный напиток,мл
кофейный сироп,г
кофейный экстракт,мл
кофе молотый,ст. л.
кофе растворимый,г
кофе свежесваренный,г
кофе черный,г
кофе эспрессо,стакан
крабовое мясо,г
крабовые палочки,по вкусу
краб снежный,по вкусу
крабы,г
крапива,г
краситель-гель пищевой,шт.
краситель пищевой,г
краситель пищевой вишневый,щепотка
краситель пищевой желтый,г
краситель пищевой зеленый,ст. л.
краситель пищевой красный,г
краситель пищевой оранжевый,г
краситель пищевой фиолетовый,г
краситель пищевой черный,г
красная смородина,г
"красная смородина, протертая с сахаром",ст. л.
красноперка,шт.
красносмородиновое варенье,г
красный винный соус,г
крахмал,г
креветки,г
креветки замороженные,г
креветки королевские,г
креветки очищенные,г
креветки очищенные в рассоле,г
креветки салатные,г
креветки сушеные,г
креветки тигровые,г
крекер,г
крекер соленый,г
крем заварной,г
крем заварной порошковый,г
крем-фреш,г
кресс-салат,г
кровь,мл
кролик,г
кролик тушка,г
кролик филе,г
кроличья печень,г
круассаны,по вкусу
крутоны мелкие,г
крыжовник,г
крыжовниковое варенье,банка
кукуруза,г
кукуруза замороженная,г
кукуруза консервированная,г
кукуруза обжаренная кикос,г
кукурузная крупа,г
кукурузная мука,г
кукурузное масло,г
кукурузные лепешки,шт.
кукурузные палочки,г
кукурузные хлопья,г
кукурузные хлопья глазированные,г
кукурузные чипсы,г
кукурузный (золотой) сироп,г
кукурузный крахмал,по вкусу
кумин,г
кумкваты,горсть
кунжут,г
кунжутная мука,г
кунжутная паста,г
кунжутное масло,г
кунжутные семечки,по вкусу
кунжут черный,ч. л.
купаты,шт.
курага,по вкусу
курдючное сало,г
курдючный жир,г
куриная ветчина,г
куриная кожа,г
куриная печень,г
куриное карпаччо,г
куриное филе,г
куриные бедра,г
куриные голени,г
куриные голени копченые,шт.
куриные грудки,г
куриные грудки вареные,г
куриные грудки копченые,г
куриные желудочки,шт.
куриные кости,г
куриные крылья,г
куриные окорочка,г
куриные окорочка копченые,г
куриные потрошки,г
куриные сердечки,г
куриный бульон,г
куриный паштет,г
куриный суповой набор,кг
куриный фарш,г
курица,г
курица вареная,г
курица для жарки,кг
курица копченая,г
курица тушка,г
куркума,г
куропатки,г
кускус,г
кускус жемчужный,стакан
кэроб,г
yogurt,g  
Greek yogurt,g  
full-fat yogurt,g  
goat yogurt,g  
plain yogurt,g  
low-fat yogurt,g  
fat-free yogurt,g  
fruit yogurt,g  
zucchini,g  
frozen zucchini,g  
young zucchini,g  
Cajun spice mix,tbsp  
cocoa,handful  
cocoa beans,g  
cocoa butter,g  
cocoa powder,to taste  
defatted cocoa powder,g  
sweetened condensed cocoa,milk  
viburnum,to taste  
mashed viburnum,g  
kalonji seeds,tsp  
Calvados,g  
squid,g  
boiled squid,g  
frozen squid,g  
canned squid,g  
squid fillet,piece  
camembert,package  
flounder,g  
flounder fillet,g  
Campari,ml  
gold luster dust,tsp  
cannelloni,g  
capellini,g  
capers,g  
capers in wine vinegar,g  
marinated capers,g  
white cabbage,g  
Brussels sprouts,g  
frozen Brussels sprouts,g  
kale,g  
sauerkraut,to taste  
kohlrabi,g  
red cabbage,g  
seaweed,to taste  
frozen seaweed,g  
dried seaweed,g  
Chinese cabbage,g  
Savoy cabbage,g  
cauliflower,g  
frozen cauliflower,g  
cabbage brine,g  
cappuccino,g  
cuttlefish,g  
cleaned cuttlefish,g  
carambola,g  
caramel,ml  
caramel sauce,g  
filled caramel,g  
salted caramel,g  
crucian carp,g  
carbonade,g  
cardamom,g  
cardamom seeds,tsp  
ground cardamom,g  
cardamom pods,piece  
hibiscus,g  
carp,g  
mirror carp,kg  
carp fillet,kg  
curry,g  
curry leaves,g  
curry paste,package  
potatoes,g  
boiled potatoes,g  
boiled potatoes in their skin,g  
new potatoes,g  
mashed potatoes,to taste  
potato gnocchi,g  
potato flakes,g  
potato chips,g  
potato starch,g  
potato broth,g  
frozen hash browns,g  
baked potatoes,g  
katyk,g  
kaffir lime leaves,to taste  
porridge,g  
baby cereal,g  
chestnut flour,g  
chestnut cream,g  
chestnuts,g  
boiled chestnuts,g  
canned chestnuts,g  
peeled chestnuts,g  
kvass,g  
kvass wort,g  
dry kvass concentrate,package  
bread kvass,g  
pine nut flour,g  
pine nuts,g  
roasted pine nuts,g  
keta salmon,g  
spicy ketchup,to taste  
tomato ketchup,g  
Tuscan ketchup,tbsp  
barbecue ketchup,g  
mullet,g  
kefir,to taste  
kefir 1%,g  
kefir 2.5%,g  
kefir 3.2%,g  
fat-free kefir,g  
cashews,g  
kiwano,g  
kiwi,kg  
kiwi jelly,g  
coho salmon,g  
hot-smoked coho fillet,g  
dogwood,g  
sprats,g  
kimchi,g  
fresh cilantro,clove  
dried cilantro,g  
quinoa,g  
ground quinoa,g  
boiling water,g  
kirsch,tbsp  
kissel,g  
dry kissel,g  
fermented dairy drink Tan,ml  
intestines,g  
gluten,g  
clementines,g  
maple syrup,g  
strawberries,g  
strawberries in syrup,g  
frozen strawberries,g  
strawberries mashed with sugar,g  
dried strawberries,g  
strawberry jam,g  
strawberry jelly,package  
strawberry puree,g  
strawberry jam,g  
thick strawberry jam,ml  
strawberry compote,glass  
strawberry liqueur,g  
strawberry syrup,g  
cranberries,g  
dried cranberries,g  
frozen cranberries,g  
cranberries mashed with sugar,g  
cranberry jam,g  
cranberry jelly,g  
cranberry juice,tbsp  
cranberry syrup,g  
cranberry sauce,g  
goat liver,g  
young goat meat,kg  
Coca-Cola,tbsp  
coconut water,glass  
coconut flour,tbsp  
coconut flakes,g  
colored coconut flakes,g  
coconut oil,ml  
coconut milk,g  
coconut cream,g  
coconut liqueur,tbsp  
coconut extract,g  
coconuts,g  
cola,g  
sausage,g  
boiled sausage,g  
boiled-smoked sausage,g  
smoked sausage,g  
blood sausage,g  
semi-smoked sausage,g  
dry-cured sausage,g  
fresh pork sausage (salsiccia),piece  
sausages,g  
sausages for frying,g  
homemade sausages,piece  
hunting sausages,g  
dry-cured sausages,piece  
compote,g  
hemp oil,tbsp  
hemp seeds,g  
candy,to taste  
M&M’s candy,g  
chewy licorice candy,g  
Korovka candies,g  
truffle candies,g  
jam,to taste  
jam jar,package  
cognac,g  
smoked products,g  
roots,to taste  
coriander,g  
coriander greens,g  
ground coriander,g  
coriander seeds,g  
currants,tbsp  
cinnamon,g  
ground cinnamon,g  
cornichons,g  
marinated cornichons,g  
smelt,g  
hot-smoked smelt,g  
bones,g  
marrow bones,g  
sugar bones,g  
coffee beans,glass  
green coffee,g  
coffee beans in chocolate,g  
coffee liqueur,g  
Kahlua coffee liqueur,ml  
coffee drink,ml  
coffee syrup,g  
coffee extract,ml  
ground coffee,tbsp  
instant coffee,g  
freshly brewed coffee,g  
black coffee,g  
espresso coffee,glass  
crab meat,g  
crab sticks,to taste  
snow crab,to taste  
crabs,g  
nettle,g  
food gel coloring,piece  
food coloring,g  
cherry food coloring,pinch  
yellow food coloring,g  
green food coloring,tbsp  
red food coloring,g  
orange food coloring,g  
purple food coloring,g  
black food coloring,g  
red currants,g  
red currants mashed with sugar,tbsp  
roach,piece  
red currant jam,g  
red wine sauce,g  
starch,g  
shrimp,g  
frozen shrimp,g  
king prawns,g  
peeled shrimp,g  
shrimp in brine,g  
salad shrimp,g  
dried shrimp,g  
tiger prawns,g  
crackers,g  
salted crackers,g  
custard cream,g  
custard powder,g  
crème fraîche,g  
garden cress,g  
blood,ml  
rabbit,g  
rabbit carcass,g  
rabbit fillet,g  
rabbit liver,g  
croissants,to taste  
small croutons,g  
gooseberries,g  
gooseberry jam,jar  
corn,g  
frozen corn,g  
canned corn,g  
roasted corn kikos,g  
corn grits,g  
corn flour,g  
corn oil,g  
corn tortillas,piece  
corn puffs,g  
corn flakes,g  
glazed corn flakes,g  
corn chips,g  
corn (golden) syrup,g  
cornstarch,to taste  
cumin,g  
kumquats,handful  
sesame,g  
sesame flour,g  
sesame paste,g  
sesame oil,g  
sesame seeds,to taste  
black sesame,tsp  
kupaty (sausages),piece  
dried apricots,to taste  
fat tail fat,g  
fat tail grease,g  
chicken ham,g  
chicken skin,g  
chicken liver,g  
chicken carpaccio,g  
chicken fillet,g  
chicken thighs,g  
chicken drumsticks,g  
smoked chicken drumsticks,piece  
chicken breasts,g  
boiled chicken breasts,g  
smoked chicken breasts,g  
chicken gizzards,piece  
chicken bones,g  
chicken wings,g  
chicken legs,g  
smoked chicken legs,g  
chicken giblets,g  
chicken hearts,g  
chicken broth,g  
chicken pâté,g  
chicken soup set,kg  
ground chicken,g  
chicken,g  
boiled chicken,g  
frying chicken,kg  
smoked chicken,g  
whole chicken,g  
turmeric,g  
partridges,g  
couscous,g  
pearl couscous,glass  
carob,g  
lavender,g
dried lavender,pinch
lavender dye,tsp
lavash,to taste
Armenian lavash,g
Persian round lavash,g
thin lavash,plastic
fresh bay leaves,pcs
bay leaf,g
lime,g
lime leaves,pcs
lime zest,g
lime juice,g
langoustines,pcs
noodles,g
lagman noodles,package
shirataki noodles,g
egg noodles in nests,pcs
lettuce,g
lungs,g
ice,g
ladyfish whole,pcs
lemongrass (lemon sorghum),g
flax seeds,g
flatbreads,g
Arabic flatbreads,pcs
hazelnuts,g
lecho,g
offal,g
liqueur,g
Alchermes liqueur,g
Amaretto liqueur,g
Baileys liqueur,g
Cointreau liqueur,g
cream liqueur,g
butter liqueur,g
lemonade,g
citric acid,g
lemon zest,g
lemon grass stem,g
lemon grass berries,g
candied lemon peels,g
lemon candied fruits,g
lemon juice,g
lemon vinegar,g
lemon extract,g
limoncello,g
lemons,g
linguine,pcs
chanterelles,g
dried chanterelles,g
lychee,pcs
lychee compote,g
lobster,g
longan,g
longkong,pcs
salmon roe,g
salmon mince,g
salmon,g
hot smoked salmon,g
smoked salmon,g
fresh salted salmon,g
fresh salmon,g
fresh salmon fillet,g
lightly salted salmon,g
salmon steaks,g
salmon fillet,g
salmon fillet with skin,g
cold smoked salmon,g
moose meat,kg
white onion,to taste
green onion,g
red onion,to taste
pickled onion,g
onion skins,g
onion powder,g
leek,handful
cut onion,to taste
onion,whole,g
small onion,g
salad onion,pcs
dried onion,g
shallots,g
red shallots,pcs
flax flour,g
flaxseed oil,tsp
flax seeds,g
ground flax seeds,g
lovage,g
Maasdam,g
Madeira,g
mayonnaise,g
homemade mayonnaise,g
light mayonnaise,g
"Sloboda" Lean mayonnaise,g
olive mayonnaise,g
"Sloboda" Light mayonnaise,g
"Sloboda" Quail Egg mayonnaise,g
"Sloboda" Olive mayonnaise,g
"Sloboda" Provencal mayonnaise,g
"Sloboda" Lemon juice mayonnaise,g
"Sloboda" Sour cream mayonnaise,g
marjoram,g
fresh marjoram,to taste
dried marjoram,g
poppy,g
pasta,g
small pasta,g
macaroni,g
farfalle (butterfly-shaped pasta),g
mini farfalle (butterfly-shaped pasta),g
bavette pasta,g
bowtie pasta,g
bucatini pasta,g
jilly pasta,g
ditalini pasta,g
star-shaped pasta,glass
orzo pasta,g
conchiglie pasta,g
conchiglie rigate pasta,g
large conchiglie pasta,g
risoni pasta,g
pipe rigate pasta,g
fusilli pasta,g
orecchiette pasta,g
cavatelli pasta,g
ground poppy,g
poppy filling,pack
raspberries,g
frozen raspberries,g
"raspberries mashed with sugar",glass
dried raspberries,g
raspberry jam,g
raspberry jelly,g
raspberry puree,g
raspberry jam,g
raspberry cream,g
raspberry syrup,tsp
raspberry sauce,tsp
raspberry vinegar,ml
raspberry tea,g
mango,to taste
mango syrup,ml
canned mango,g
chard,g
mangosteen,pcs
mandarin puree,g
mandarin candied fruit,g
mandarin juice,g
mandarins,to taste
mandarins in their own juice,g
semolina,g
passion fruit,g
margarine,g
buttery margarine,g
marmalade,to taste
sandwich marmalade,g
Marsala,glass
Martini,g
red Martini,g
marzipan,to taste
green marzipan,g
pink marzipan,g
marshmallows,g
marshmallow cream,g
mini marshmallows,g
mascarpone,g
olives,g
pitted olives,g
avocado oil,g
grapeseed oil,g
walnut oil,tsp
frying oil,g
pine nut oil,g
butter mushrooms,g
mastic,g
gelatin mastic,g
chocolate mastic,g
matcha,g
mafaldine,g
matzah,g
matsoni,g
mung beans,g
honey,g
acacia honey,g
buckwheat honey,g
liquid honey,g
lavender honey,g
lemon balm,g
meringues,pcs
mussels,g
mussels in shells,g
large black mussels in shells,g
small green mussels in shells,g
frozen mussels,pcs
smoked mussels in oil,g
microgreens,handful
almonds,g
roasted almonds,g
chopped almonds,g
almond paste,g
almond flour,g
almond paste,g
almond essence,g
almond oil,g
almond milk,g
almond cookies,g
almond praline,g
almond petals,g
almond liqueur,g
almond syrup,g
almond extract,drop
peeled almonds,g
chopped almonds,g
mini-corn,pcs
lamprey,g
pollock,g
pollock liver,g
pollock fillet,g
miso paste,g
miso soup,packet
juniper berries,g
capelin,g
shellfish,g
milk,g
"0.5% milk",g
"1.5% milk",g
"2.5% milk",g
"3.2% milk",g
"3.6% milk",g
"4% milk",g
"6% milk",g
goat milk,g
condensed milk,g
rice milk,ml
sweetened condensed milk,g
boiled condensed milk,tbsp
cocoa sweetened condensed milk,g
powdered milk,g
nonfat powdered milk,tbsp
clotted cream,g
milk mixture,g
dairy products,g
seafood,pcs
carrot puree,g
carrot,g
boiled carrot,g
large carrot,g
young carrot,g
Korean-style carrot,g
grated carrot,pcs
ice cream,to taste
vanilla ice cream,g
strawberry ice cream,g
lemon ice cream,to taste
raspberry ice cream,g
plombir ice cream,g
chocolate ice cream,ml
cloudberry,g
scallops,kg
seafood cocktail,g
seafood cocktail in oil,package
frozen seafood cocktail,g
monkfish,g
sole,g
sole fillet,g
mortadella,g
mozzarella,g
mozzarella for baking,g
mozzarella for pizza,g
mini mozzarella,g
mozzarella with herbs,g
large mozzarella ball,g
flour,g
first-grade flour,g
second-grade flour,g
"Aladushkin" flour,g
coarse flour,g
tempura flour,g
sprouted wheat flour,tbsp
Manitoba flour,g
self-raising flour,g
flour with bran,tsp
flour with seeds,g
baker's flour,g
whole wheat flour,g
white nutmeg,ml
muscat wine,g
nutmeg,g
ground nutmeg,g
muesli,g
soft cottage cheese,g
meat broth,g
minced meat,g
meat,g
wild boar meat,g
krill meat,g
meat on the bone,kg
mint,g
dried mint,g
mint syrup,g
mint schnapps,g
nardek,g
nectarines,pcs
boneless lamb leg,g
nori,g
nougat,g
nougat with nuts,g
chickpeas,g
Nutella,g
canned chickpeas,g
chickpea flour,g
sea buckthorn,g
frozen sea buckthorn,g
sea buckthorn syrup,glass
vegetables,g
vegetable mix,g
frozen vegetable mix,g
frozen vegetable mix for wok,g
Chinese-style vegetable mix,g
vegetable broth,to taste
oat flour,g
oat milk,glass
oat cookies,g
oat flour (coarse),g
oat grains,g
oat bran,g
oat flakes,g
instant oat flakes,g
cucumber brine,glass
cucumbers,g
canned cucumbers,pcs
lightly salted cucumbers,pcs
pickled cucumbers,jar
fresh cucumbers,g
salted cucumbers,g
dandelions,g
ham,g
cooked-smoked ham,g
perch,g
red perch fillet,g
sea perch,g
sea perch fillet,g
perch fillet,g
venison,g
olives,g
pitted olives,g
green olives,to taste
canned green olives,jar
kalamata olives,g
canned olives,g
"olives stuffed with anchovies",g
black olives,to taste
olive paste,g
olive oil,g
Extra Virgin olive oil,g
prickly pear fruit,g
honey mushrooms,to taste
frozen honey mushrooms,g
marinated honey mushrooms,g
oregano,g
fresh oregano,g
dried oregano,g
nuts,g
Brazil nuts,g
macadamia nuts,g
pecan nuts,g
pine nuts,g
nut crumbs,glass
nut paste,pcs
nut oil,tbsp
nut liqueur,ml
nut sauce,tbsp
sturgeon,g
cold-smoked sturgeon,g
octopus,g
canned octopus,g
mini octopus,g
bran,g
neck,g
pagro,g
fenugreek,g
fenugreek seeds,g
halibut,g
palm oil,g
pangasius,g
panettone,pcs
Panifarin,g
pancetta,g
papaya,g
canned papaya in its own juice,g
fern,g
salted fern,package
pappardelle,g
paprika,g
smoked paprika,tbsp
red paprika,tbsp
ground red paprika,g
smoked hot paprika,g
sweet paprika,g
sweet smoked paprika,g
sweet paprika flakes,tsp
parmesan,g
pasta,g
Vejimait pasta,g
tahini paste,g
harissa paste,tbsp
parsnip,g
pastila,g
grape pastila,g
pattypan squash,g
molasses,g
starch molasses,g
black molasses (molasses),g
buttermilk,g
pâté,g
baking powder,g
baking powder,tsp
pecorino,g
pectin,g
pelengas,g
dumplings,g
penne,g
penne rigate,g
pepperoncino,tsp
ground pepperoncino,pinch
transfer sheet for chocolate,pcs
quail,carcass
pepper,g
white pepper,g
white pepper peppercorns,to taste
ground white pepper,g
freshly ground white pepper,tsp
bell pepper,g
yellow bell pepper,g
green bell pepper,g
red bell pepper,g
peppercorns,g
peppercorns mix,g
allspice,pinch
allspice peppercorns,g
ground allspice,g
Spanish hot pepper,pcs
cayenne pepper,g
red cayenne pepper,g
ground cayenne pepper,pinch
red pepper,g
red pepper peppercorns,g
red hot pepper,g
ground red pepper,g
red hot pepper,g
ground red hot pepper,to taste
red pepper flakes,pinch
lemon pepper,g
pickled pepper,g
hot pepper,g
green hot pepper,pcs
ground hot pepper,pinch
Padron pepper,g
peperoni pepper,g
red peperoni pepper,pcs
pink peppercorns,g
freshly ground pepper mix,g
Senegal pepper,to taste
sweet pepper,g
yellow sweet pepper,g
green sweet pepper,g
red sweet pepper,g
pickled red sweet pepper,pcs
ground red sweet pepper,g
orange sweet pepper,g
dried sweet pepper,g
Sichuan pepper,g
jalapeño pepper,g
pickled jalapeño pepper,pcs
black pepper,tbsp
black pepper peppercorns,to taste
ground black pepper,g
freshly ground black pepper,g
chili pepper,g
green chili pepper,pod
red chili pepper,pod
pickled chili pepper,to taste
ground chili pepper,g
dried chili pepper,tbsp
chili pepper flakes,to taste
Jamaican pepper,g
pearl barley,g
pearl barley flour,g
peaches,g
canned peaches,g
dried peaches,handful
peach puree,g
peach jam,g
peach marmalade,tbsp
peach syrup,ml
peach juice,g
pepper paste,tsp
parsley,g
parsley greens,g
Italian parsley,bunch
parsley root,g
chopped parsley,g
dried parsley,g
liver,g
cookies,to taste
Oreo cookies,g
Amaretti cookies,g
biscuit cookies,g
galette cookies,pcs
"Ladyfingers" cookies,g
shortbread cookies,g
crumbly cookies,g
Savoiardi cookies,g
sugar cookies,g
sweet cookies,g
dry cookies,g
chocolate cookies,g
Yubileynoye milk cookies,g
beer,g
ginger beer,ml
unfiltered beer,g
light beer,g
dark beer,can
haddock,pcs
pita,to taste
jam,g
sunflower oil,g
sunflower seeds,g
spelt,g
immature spelt,g
polenta,to taste
instant polenta,glass
pomelo,g
tomatoes,g
brown tomatoes,g
dried tomatoes,to taste
sun-dried tomatoes in oil,g
yellow tomatoes,pcs
green tomatoes,kg
canned tomatoes,g
canned tomatoes in their own juice,g
canned tomatoes in their own juice with basil,g
passata,g
salted tomatoes,pcs
dried tomato flakes,g
cherry tomatoes,g
yellow cherry tomatoes,g
popcorn,g
piglet,kg
port wine,g
portobello mushrooms,g
purslane,g
decorative sprinkles,to taste
kidneys,g
4 pepper seasoning,g
five spice seasoning,tsp
lamb seasoning,tbsp
potato seasoning,g
chicken seasoning,g
pasta seasoning,to taste
pork marinating seasoning,to taste
seafood seasoning,to taste
meat seasoning,g
paella seasoning,to taste
pizza seasoning,tsp
pilaf seasoning,g
poultry seasoning,tbsp
fish seasoning,g
salad seasoning,to taste
za'atar seasoning,tsp
Creole seasoning,tbsp
dried mushroom seasoning,tsp
seasonings,g
Provençal herbs,g
provolone,g
prosecco,ml
kefir,g
whey protein,g
prosciutto,g
gingerbread,g
gingerbread spices,g
spices,g
psyllium,g
ptitim,g
pudding,g
vanilla pudding,g
instant vanilla pudding,package
caramel pudding,g
wheat,g
wheat groats,g
wheat flour,g
whole wheat flour,g
wheat germ,glass
wheat bran,g
wheat sprouts,g
wheat flakes,g
millet flakes,tbsp
millet,g
flower pollen,g
puree,to taste
radicchio,pcs.
baking powder,g
crayfish,pcs.
crayfish tails,g
crayfish tails in brine,g
rambutan,g
rapans,g
canola oil,to taste
brine,g
capers brine,tbsp
olive brine,tbsp
vegetable oil,g
vegetable oil for frying,g
unrefined vegetable oil,cup
refined vegetable oil,g
plant-based milk,cup
rhubarb,g
oregano,sprig
radish,g
black radish,g
white radish,pcs.
green radish,pcs.
black radish,pcs.
turnip,g
white turnip,pcs.
rye sourdough,g
thick rye sourdough,g
rye flour,g
rye bran,g
rigatoni,g
ricotta,g
firm ricotta,g
rice,g
arborio rice,g
basmati rice,g
brown rice,g
brown and wild rice mix,g
cooked rice,g
viola rice,g
devzira rice,g
wild rice,g
wild and golden rice mix,g
long-grain rice,g
long-grain golden rice,g
pilaf rice,g
pudding rice,g
risotto rice,g
sushi rice,g
jasmine rice,g
golden rice,g
indica rice,g
italica rice,g
carnaroli rice,g
red rice,g
round-grain rice,g
kuban rice,g
rice paper,g
rice noodles,g
rice flour,g
rice wine,tsp
rice flakes,g
puffed rice balls,g
rice starch,tbsp
rice vinegar,to taste
parboiled rice,g
parboiled and wild rice mix,g
japonica rice,g
rye,g
rosemary,pcs.
dried rosemary,to taste
rose water,g
dried rosebuds,g
rose petals,g
roses,g
roquefort,g
rum,bottle
dried chamomile,g
rum extract,tsp
dark rum,g
roast beef,g
arugula,g
pork knuckle,to taste
fish,g
white fish,g
white fish fillet,g
canned fish,can
smoked fish,g
smoked fish fillet,g
red fish,g
salted red fish,g
red fish fillet,g
swordfish,g
sea fish,g
sunfish fillet,pcs.
salted fish,carcass
fish fillet,g
canned fish,g
fish bones,g
"fish trimmings, heads, fins",to taste
fish broth,g
fish sauce,g
Nam Pla fish sauce,g
Thai fish sauce,g
fish mince,g
mountain ash,g
hazel grouse,g
ryazhenka,g
ryazhenka 4%,g
saithe,g
saithe fillet,g
saury,g
canned saury,can
sake,tbsp
sardine,g
lettuce,g
iceberg lettuce,g
Chinese lettuce,g
corn salad,bunch
head lettuce,g
curly lettuce,g
leaf lettuce,g
salad mix,g
romano lettuce,g
frisée lettuce,g
lard,g
smoked lard with pepper,g
smoked lard with meat layers,g
lard with meat layers,g
salsa,g
salsa verde,tsp
salami,g
Italian salami,g
sausage,g
smoked sausages,g
small sardines,pcs.
sardines,g
sardines in oil,can
sugar,g
vanilla sugar,g
demerara sugar,g
pearl sugar,g
brown sugar,g
coarse brown sugar,g
muscovado sugar,handful
powdered sugar,g
orange powdered sugar,g
vanilla powdered sugar,g
sugar pearls,g
sugar decorations,handful
granulated sugar,g
coarse granulated sugar,g
fine granulated sugar,g
simple syrup,g
palm sugar,g
refined sugar,g
refined sugar with cinnamon,g
cane sugar,g
Svan salt,g
beetroot,g
boiled beetroot,g
beet greens,g
beet leaves,g
pork tenderloin,g
pork head,g
pork belly,g
pork loin,g
smoked pork loin,g
bone-in pork loin,g
boiled-smoked pork shoulder,g
pork flesh,g
pork belly,kg
pork liver,g
pork knuckle,to taste
boiled-smoked pork knuckle,g
smoked pork knuckle,g
pork neck,piece
pork,g
boiled pork,g
lean pork,g
pork with fat,g
pork heart,g
pork fillet,g
pork belly,g
pork mince,g
pork tongue,g
pork chops on the bone,pcs.
pork lungs,g
pork legs,g
pork chops,g
pork chops on the bone,g
pork ribs,g
pork ears,pcs.
pork cheeks,pcs.
sweetie,g
celery,g
celery greens,g
celery root,g
dried celery root,to taste
celery salt,g
celery seeds,tsp
celery stalks,g
herring,g
lightly salted herring,g
salted herring,pcs.
herring fillet,g
salmon,g
smoked salmon,g
fresh salmon,g
salted salmon,g
salmon fillet with skin,g
sunflower seeds,g
mixed sunflower seeds,tbsp
semolina,g
boiled-smoked cervelat,g
bass,g
cider,g
syrup,g
pear syrup,g
peach syrup,tbsp
jerusalem artichoke syrup,cup
mackerel,to taste
fresh mackerel,g
mackerel fillet,g
cold-smoked mackerel,g
cream,package
cream 10-20%,g
cream 15%,g
cream 20%,g
cream 33-35%,g
heavy cream,g
whipped cream,g
plum paste,g
plum jam,g
plum wine,g
plum jelly,g
plum liqueur,tbsp
plum sauce,g
butter,g
plums,kg
frozen plums,g
lard,g
cake mix,pcs.
pancake mix,g
8-grain bread mix,g
sour cream,g
10% sour cream,g
15% sour cream,tsp
18% sour cream,g
20% sour cream,g
25% sour cream,g
30% sour cream,g
35% sour cream,g
full-fat sour cream,g
low-fat sour cream,g
mild sour cream,g
dried black currants,g
currant leaves,g
dried morel mushrooms,g
snow,l
snytny,g
baking soda,g
soy flour,g
soybean oil,g
soy milk,g
soy sprouts,g
soy sauce,g
juice,g
red orange juice,ml
multivitamin juice,ml
yuzu juice,ml
malt,tsp
liquid malt,g
malt extract,g
dark malt,g
straw,g
salt,g
Himalayan salt,g
coarse salt,g
sea salt,g
catfish fillet,g
sausage,g
chicken sausage,pcs.
smoked sausage,g
sauce,g
black bean sauce,tbsp
sambal oelek sauce,tsp
barbecue sauce,g
krasnodar sauce,g
spicy red sauce,g
mirin sauce,to taste
narsharab sauce,g
hot sauce,g
pesto sauce,to taste
satsibeli sauce,g
tabasco sauce,drop
teriyaki sauce,g
tkemali sauce,cup
noble tkemali sauce,g
early tkemali sauce,tbsp
oyster sauce,tsp
chili sauce,g
sweet chili sauce,tsp
exotic sauce,g
soy,g
spaghetti,g
spaghetti No. 3,g
spaghetti No. 5,g
spaghetti lungu,g
asparagus,kg
white asparagus,g
green asparagus,g
young asparagus,g
speck,g
spelt,cup
spelt (farro) flour,g
spices,g
alcohol,g
spirulina powder,g
spread,g
mackerel,g
salmon,g
veal,g
veal chops,pcs.
tallegio,g  
tagliolini,g  
tagliatelle,g  
tagliatelle-nests,pcs.  
tamarind,pcs.  
tamarind paste,tsp.  
tapioca,g  
tartlets,to taste  
tartare,tbl. spoon  
tarragon,g  
cottage cheese,g  
cottage cheese 18%,g  
cottage cheese 2%,g  
cottage cheese 5%,g  
cottage cheese 9%,g  
full-fat cottage cheese,g  
curd cheese,g  
low-fat cottage cheese,g  
cottage cheese mass,g  
cottage cheese paste,g  
cream cheese,g  
salty cream cheese,g  
strawberry cottage cheese,g  
tequila,glass  
veal,to taste  
boiled veal,g  
veal mince,g  
veal cutlets on the bone,pcs.  
veal schnitzels,pcs.  
veal escalopes,g  
veal tenderloin,g  
veal liver,g  
veal cheek,pcs.  
unleavened dough,g  
ready dough,g  
wonton dough,g  
pizza dough,pcs.  
yeast dough,to taste  
kataifi dough,g  
pasta dough,g  
pasta dough for lasagna,g  
dumpling dough,g  
shortcrust pastry,to taste  
plain dough,g  
gingerbread dough,g  
puff pastry,g  
unleavened puff pastry,to taste  
yeast puff pastry,kg  
phyllo dough,g  
tilapia,g  
tilapia fillet,g  
tilsiter cheese,g  
thyme,handful  
lemon thyme,sprig  
fresh thyme,to taste  
dried thyme,g  
tkemali,g  
cumin,g  
ground cumin,g  
tomato paste,g  
tomato puree,g  
tomato concentrate,g  
tomato powder,g  
tomato juice,g  
tomato sauce,g  
Italian tomato sauce,g  
spicy tomato sauce,g  
tomato sauce with basil,g  
tonic,bottle  
jerusalem artichoke,g  
clarified butter,g  
tortillas,to taste  
tortiglioni,g  
tofu,g  
aromatic herbs,g  
spicy herbs with pepper,tsp.  
dried herbs,g  
cod,g  
cod liver,g  
cod fillet,g  
truffle,g  
truffle crumbs,g  
truffle oil,tbl. spoon  
black truffle,pcs.  
tuna,to taste  
canned tuna,g  
tuna fillet,g  
stewed meat,g  
pumpkin,g  
pumpkin oil,pcs.  
pumpkin puree,g  
pumpkin seeds,g  
fresh sprat,g  
eel,g  
smoked eel,g  
yogurt,g  
dill,g  
dill seeds,tsp.  
fresh dill,g  
dried dill,g  
vinegar,g  
9% vinegar,g  
apple cider vinegar,tbl. spoon  
vinegar essence,g  
table vinegar,g  
snails,g  
grape snails,pcs.  
apricot, dried,g  
oysters,g  
duck breast,g  
duck liver,g  
duck fillet,g  
duck thighs,g  
duck legs,to taste  
duck,to taste  
roast duck,g  
whole duck,whole  
utscho-suneli,g  
pheasant,g  
mince (lamb and beef),g  
mince (pork and chicken),g  
beans,g  
white beans,g  
canned white beans,g  
lima white beans,g  
green beans, string,g  
Kenyan beans,handful  
kidney beans,red,g  
canned beans,g  
red beans,g  
boiled red beans,glass  
canned red beans,g  
young frozen beans,g  
pinto beans,g  
boiled green beans,g  
string beans,g  
frozen string beans,g  
canned string beans,g  
black-eyed beans,g  
feijoa,g  
fennel,g  
fennel seeds,g  
ground fennel seeds,g  
festonate,g  
feta,g  
fetaki,g  
fetaxa,g  
fettuccine,g  
candied violets,pcs.  
violet syrup,g  
physalis,to taste  
red perch fillet,pcs.  
salmon fillet,g  
halibut fillet,pcs.  
dates,g  
pitted dates,glass  
Iranian dates,g  
pitted Iranian dates,pcs.  
pistachios,g  
shelled pistachios,g  
unsalted shelled pistachios,handful  
chopped pistachios,g  
pistachio flour,g  
pistachio paste,g  
pistachio oil,g  
focaccia,to taste  
trout,g  
boiled trout,g  
hot-smoked trout,g  
fresh lake trout,pcs.  
lightly salted trout,g  
trout steaks,pcs.  
trout fillet,g  
cold-smoked trout,g  
meatballs,g  
dragon fruit,pcs.  
fruit syrup,g  
fruit juice,g  
unsweetened fruit juice,glass  
fructose,g  
fruits,g  
canned fruits,g  
hazelnuts,g  
hazelnut flour,g  
glass noodles,g  
halva,g  
vanilla halva,g  
sunflower halva,g  
halloumi,g  
hamon,g  
hake,g  
hake fillet,g  
sherry,glass  
sherry vinegar,tsp.  
bread,g  
7-grain bread,loaf  
white bread,g  
dry white bread,g  
Borodino bread,pc.  
Danish rye bread,g  
sandwich bread,g  
bread crumbs,g  
rye bread,g  
gray bread,g  
sesame bread,pc.  
whole grain bread,g  
whole wheat-rye crispbreads,g  
4-grain flakes,g  
5-grain flakes,g  
7-grain flakes,tbl. spoon  
instant flakes,glass  
calcium chloride,g  
khmeli-suneli,g  
hops,tbl. spoon  
horseradish,g  
grated horseradish,g  
horseradish with cream,g  
persimmon,g  
ripe persimmon,g  
guinea fowl whole,g  
chicory,tsp.  
citron candied fruit,handful  
citrus candied fruit,pcs.  
freshly squeezed citrus juice,ml  
candied fruits,g  
zucchini,g  
zucchini flowers,pcs.  
chickens,g  
cornish chickens,pcs.  
savory,g  
thyme,g  
dried thyme,g  
darjeeling tea,teabag  
jasmine tea,tbl. spoon  
green tea,teabag  
smoked Lapsang Souchong tea,g  
red tea,g  
rooibos tea,tbl. spoon  
black tea,g  
loose leaf black tea,tsp.  
spiced black tea,bag  
Earl Grey tea,glass  
mango chutney,g  
cheddar,g  
bird cherry,g  
bird cherry flour,g  
wild garlic,g  
cherry jam,g  
cherry,g  
canned pitted cherries,tbl. spoon  
black currants,g  
blueberries,g  
frozen blueberries,g  
cuttlefish ink,g  
blueberry jam,glass  
prunes,g  
pitted prunes,g  
dried prunes,g  
smoked pitted prunes,g  
black currant jam,g  
black currant jelly,g  
garlic,g  
young garlic,g  
dried garlic,g  
garlic salt,pinch  
garlic oil,to taste  
garlic powder,g  
lentils,g  
boiled lentils,tbl. spoon  
green lentils,g  
red lentils,g  
chechil spaghetti,g  
ciabatta,pc.  
chia seeds,g  
ground chipotle,tsp.  
chips,g  
chorizo,g  
sage,g  
fresh sage,bunch  
dried sage,leaf  
champagne,g  
Soviet champagne,glass  
dry champagne,tbl. spoon  
champignons,to taste  
frozen champignons,g  
canned champignons,g  
pickled champignons,g  
fresh champignons,g  
saffron,g  
Imeretian saffron,g  
ground saffron,tsp.  
saffron threads,pcs.  
mulberry,g  
dried mulberry,g  
rosehip,g  
rosehip syrup,g  
schnapps,g  
chives,stem  
chocolate,g  
white chocolate,g  
bittersweet chocolate with orange peel,g  
milk chocolate,g  
mint chocolate,g  
chocolate paste,g  
chocolate flakes,g  
chocolate butter,g  
chocolate-nut paste,g  
chocolate pearls,g  
chocolate chips,g  
white chocolate chips,g  
chocolate candies,g  
chocolate flakes,g  
chocolate cereal balls,handful  
chocolate liqueur,g  
chocolate syrup,g  
chocolate sauce,g  
semi-sweet chocolate,g  
chocolate with nuts,g  
dark chocolate,g  
dark chocolate 70%,g  
dark chocolate 75%,tsp.  
dark chocolate 85%,g  
shortening,glass
bacon,pc.
smoked bacon,g
spinach,g
frozen spinach,g
young spinach,g
fresh spinach,g
sprats,g
sprats in oil,g
cake meal,g
frozen sorrel,g
fresh sorrel,sprig
pike,g
pike fillet,g
egg nog,glass
edam,g
ale,ml
emmental,g
escalope,g
tarragon,g
dried tarragon,sprig
apples,g
Antonovka apples,kg
Gala apples,g
Golden apples,g
Granny Smith apples,kg
green apples,g
red apples,pc.
pickled apples,pc.
soft varieties of apples,g
sweet apples,g
dried apples,g
apple essence,tsp.
apple jam,g
apple preserve,g
apple puree,g
apple chips,glass
apple jelly,g
apple syrup,st. l.
apple juice,g
apple sauce,st. l.
apple vinegar,g
lamb,g
lamb saddle,g
lamb minced,g
lamb chops on bone,pc.
lamb shank chopped,g
lamb loin,g
berry jam,st. l.
berry jelly,g
berry syrup,g
berry juice,g
sour berry sauce,g
berries,g
dried berries,to taste
frozen berries,g
forest berries,g
frozen forest berries,g
egg whites,g
egg yolks,g
boiled egg yolks,pc.
large egg yolks,g
egg mix,g
egg powder,st. l.
chicken eggs,g
large chicken eggs,g
quail eggs,g
Japanese panko breadcrumbs,g
barley flakes,g
barley,g
pearl barley,g
